subscription_id,invoice_date,amount_usd,status,attempt
sub_00000,2026-02-27,20.0,paid,1
sub_00000,2026-03-29,20.0,paid,1
sub_00000,2026-04-28,20.0,paid,1
sub_00000,2026-05-28,20.0,paid,1
sub_00000,2026-06-27,20.0,paid,1
sub_00000,2026-07-27,20.0,paid,1
sub_00001,2026-07-05,20.0,paid,1
sub_00002,2026-08-09,20.0,paid,1
sub_00002,2026-09-08,20.0,paid,1
sub_00003,2026-07-21,20.0,paid,1
sub_00004,2026-05-15,60.0,paid,1
sub_00004,2026-06-14,60.0,paid,1
sub_00004,2026-07-14,60.0,paid,1
sub_00005,2026-05-08,20.0,paid,1
sub_00005,2026-06-07,20.0,paid,1
sub_00005,2026-07-07,20.0,paid,1
sub_00005,2026-08-06,20.0,paid,1
sub_00006,2026-06-11,20.0,paid,1
sub_00006,2026-07-11,20.0,paid,1
sub_00006,2026-08-10,20.0,paid,1
sub_00007,2025-11-03,20.0,paid,1
sub_00007,2025-12-03,20.0,paid,1
sub_00007,2026-01-02,20.0,paid,1
sub_00007,2026-02-01,20.0,paid,1
sub_00007,2026-03-03,20.0,paid,1
sub_00007,2026-04-02,20.0,paid,1
sub_00007,2026-05-02,20.0,paid,1
sub_00007,2026-06-01,20.0,paid,1
sub_00007,2026-07-01,20.0,paid,1
sub_00008,2026-03-31,60.0,paid,1
sub_00008,2026-04-30,60.0,paid,1
sub_00008,2026-05-30,60.0,paid,1
sub_00008,2026-06-29,60.0,paid,1
sub_00008,2026-07-29,60.0,paid,1
sub_00009,2026-04-21,60.0,paid,1
sub_00009,2026-05-21,60.0,paid,1
sub_00009,2026-06-20,60.0,paid,1
sub_00010,2026-06-27,20.0,paid,1
sub_00010,2026-07-27,20.0,paid,1
sub_00011,2025-11-19,200.0,paid,1
sub_00011,2025-12-19,200.0,paid,1
sub_00011,2026-01-18,200.0,paid,1
sub_00011,2026-02-17,200.0,paid,1
sub_00011,2026-03-19,200.0,paid,1
sub_00011,2026-04-18,200.0,paid,1
sub_00011,2026-05-18,200.0,paid,1
sub_00011,2026-06-17,200.0,paid,1
sub_00011,2026-07-17,200.0,paid,1
sub_00012,2026-07-01,200.0,paid,1
sub_00012,2026-07-31,200.0,paid,1
sub_00012,2026-08-30,200.0,paid,1
sub_00013,2026-07-05,20.0,paid,1
sub_00013,2026-08-04,20.0,paid,1
sub_00013,2026-09-03,20.0,paid,1
sub_00014,2025-01-30,20.0,paid,1
sub_00014,2025-03-01,20.0,paid,1
sub_00014,2025-03-31,20.0,paid,1
sub_00014,2025-04-30,20.0,paid,1
sub_00014,2025-05-30,20.0,paid,1
sub_00014,2025-06-29,20.0,paid,1
sub_00014,2025-07-29,20.0,paid,1
sub_00014,2025-08-28,20.0,paid,1
sub_00014,2025-09-27,20.0,paid,1
sub_00014,2025-10-27,20.0,paid,1
sub_00014,2025-11-26,20.0,paid,1
sub_00014,2025-12-26,20.0,paid,1
sub_00014,2026-01-25,20.0,paid,1
sub_00014,2026-02-24,20.0,paid,1
sub_00014,2026-03-26,20.0,paid,1
sub_00014,2026-04-25,20.0,paid,1
sub_00014,2026-05-25,20.0,paid,1
sub_00014,2026-06-24,20.0,paid,1
sub_00014,2026-07-24,20.0,paid,1
sub_00014,2026-08-23,20.0,paid,1
sub_00015,2026-06-17,20.0,paid,1
sub_00016,2026-06-03,20.0,paid,1
sub_00016,2026-07-03,20.0,paid,1
sub_00016,2026-08-02,20.0,paid,1
sub_00016,2026-09-01,20.0,paid,1
sub_00017,2026-02-21,20.0,paid,1
sub_00017,2026-03-23,20.0,paid,1
sub_00017,2026-04-22,20.0,paid,1
sub_00017,2026-05-22,20.0,paid,1
sub_00017,2026-06-21,20.0,paid,1
sub_00017,2026-07-21,20.0,paid,1
sub_00018,2025-12-25,20.0,paid,1
sub_00018,2026-01-24,20.0,paid,1
sub_00018,2026-02-23,20.0,paid,1
sub_00018,2026-03-25,20.0,paid,1
sub_00018,2026-04-24,20.0,paid,1
sub_00018,2026-05-24,20.0,paid,1
sub_00018,2026-06-23,20.0,paid,1
sub_00018,2026-07-23,20.0,paid,1
sub_00019,2026-02-12,20.0,paid,1
sub_00019,2026-03-14,20.0,paid,1
sub_00019,2026-04-13,20.0,paid,1
sub_00019,2026-05-13,20.0,paid,1
sub_00019,2026-06-12,20.0,paid,1
sub_00019,2026-07-12,20.0,paid,1
sub_00019,2026-08-11,20.0,paid,1
sub_00019,2026-09-10,20.0,paid,1
sub_00020,2026-08-04,20.0,paid,1
sub_00020,2026-09-03,20.0,paid,1
sub_00021,2026-06-19,20.0,paid,1
sub_00022,2026-01-19,20.0,paid,1
sub_00022,2026-02-18,20.0,paid,1
sub_00022,2026-03-20,20.0,paid,1
sub_00022,2026-04-19,20.0,paid,1
sub_00022,2026-05-19,20.0,paid,1
sub_00022,2026-06-18,20.0,paid,1
sub_00022,2026-07-18,20.0,paid,1
sub_00023,2026-03-26,20.0,paid,1
sub_00023,2026-04-25,20.0,paid,1
sub_00023,2026-05-25,20.0,paid,1
sub_00023,2026-06-24,20.0,paid,1
sub_00023,2026-07-24,20.0,paid,1
sub_00024,2026-08-04,20.0,paid,1
sub_00025,2026-03-10,20.0,paid,1
sub_00025,2026-04-09,20.0,paid,1
sub_00025,2026-05-09,20.0,paid,1
sub_00025,2026-06-08,20.0,paid,1
sub_00025,2026-07-08,20.0,paid,1
sub_00026,2026-07-03,20.0,paid,1
sub_00026,2026-08-02,20.0,paid,1
sub_00027,2026-09-03,20.0,paid,1
sub_00028,2026-03-07,20.0,paid,1
sub_00028,2026-04-06,20.0,paid,1
sub_00028,2026-05-06,20.0,paid,1
sub_00028,2026-06-05,20.0,paid,1
sub_00028,2026-07-05,20.0,paid,1
sub_00029,2026-02-24,60.0,paid,1
sub_00029,2026-03-26,60.0,paid,1
sub_00029,2026-04-25,60.0,paid,1
sub_00029,2026-05-25,60.0,paid,1
sub_00029,2026-06-24,60.0,paid,1
sub_00029,2026-07-24,60.0,paid,1
sub_00029,2026-08-23,60.0,paid,1
sub_00030,2026-03-25,20.0,paid,1
sub_00030,2026-04-24,20.0,paid,1
sub_00030,2026-05-24,20.0,paid,1
sub_00030,2026-06-23,20.0,paid,1
sub_00030,2026-07-23,20.0,paid,1
sub_00030,2026-08-22,20.0,paid,1
sub_00031,2026-07-07,20.0,paid,1
sub_00031,2026-08-06,20.0,paid,1
sub_00032,2026-02-12,20.0,paid,1
sub_00032,2026-03-14,20.0,paid,1
sub_00032,2026-04-13,20.0,paid,1
sub_00032,2026-05-13,20.0,paid,1
sub_00032,2026-06-12,20.0,paid,1
sub_00032,2026-07-12,20.0,paid,1
sub_00033,2026-04-06,20.0,paid,1
sub_00033,2026-05-06,20.0,paid,1
sub_00033,2026-06-05,20.0,paid,1
sub_00033,2026-07-05,20.0,failed,1
sub_00033,2026-07-08,20.0,failed,2
sub_00033,2026-07-12,20.0,failed,3
sub_00033,2026-07-19,20.0,failed,4
sub_00034,2026-04-06,20.0,paid,1
sub_00034,2026-05-06,20.0,paid,1
sub_00034,2026-06-05,20.0,paid,1
sub_00034,2026-07-05,20.0,paid,1
sub_00035,2026-01-05,20.0,paid,1
sub_00035,2026-02-04,20.0,paid,1
sub_00035,2026-03-06,20.0,paid,1
sub_00035,2026-04-05,20.0,paid,1
sub_00035,2026-05-05,20.0,paid,1
sub_00035,2026-06-04,20.0,paid,1
sub_00035,2026-07-04,20.0,paid,1
sub_00035,2026-08-03,20.0,paid,1
sub_00036,2026-02-23,20.0,paid,1
sub_00036,2026-03-25,20.0,paid,1
sub_00036,2026-04-24,20.0,paid,1
sub_00036,2026-05-24,20.0,paid,1
sub_00036,2026-06-23,20.0,paid,1
sub_00036,2026-07-23,20.0,paid,1
sub_00037,2026-03-29,60.0,paid,1
sub_00037,2026-04-28,60.0,paid,1
sub_00037,2026-05-28,60.0,paid,1
sub_00037,2026-06-27,60.0,paid,1
sub_00037,2026-07-27,60.0,paid,1
sub_00037,2026-08-26,60.0,failed,1
sub_00037,2026-08-29,60.0,failed,2
sub_00037,2026-09-02,60.0,failed,3
sub_00037,2026-09-09,60.0,failed,4
sub_00038,2025-12-01,20.0,paid,1
sub_00038,2025-12-31,20.0,paid,1
sub_00038,2026-01-30,20.0,paid,1
sub_00038,2026-03-01,20.0,paid,1
sub_00038,2026-03-31,20.0,paid,1
sub_00038,2026-04-30,20.0,paid,1
sub_00038,2026-05-30,20.0,paid,1
sub_00038,2026-06-29,20.0,paid,1
sub_00038,2026-07-29,20.0,paid,1
sub_00038,2026-08-28,20.0,failed,1
sub_00038,2026-08-31,20.0,failed,2
sub_00038,2026-09-04,20.0,failed,3
sub_00038,2026-09-11,20.0,failed,4
sub_00039,2026-05-08,20.0,paid,1
sub_00039,2026-06-07,20.0,paid,1
sub_00040,2026-04-29,20.0,paid,1
sub_00040,2026-05-29,20.0,paid,1
sub_00040,2026-06-28,20.0,paid,1
sub_00040,2026-07-28,20.0,paid,1
sub_00040,2026-08-27,20.0,paid,1
sub_00041,2026-02-06,200.0,paid,1
sub_00041,2026-03-08,200.0,paid,1
sub_00041,2026-04-07,200.0,paid,1
sub_00041,2026-05-07,200.0,paid,1
sub_00041,2026-06-06,200.0,paid,1
sub_00041,2026-07-06,200.0,paid,1
sub_00042,2025-09-25,20.0,paid,1
sub_00042,2025-10-25,20.0,paid,1
sub_00042,2025-11-24,20.0,paid,1
sub_00042,2025-12-24,20.0,paid,1
sub_00042,2026-01-23,20.0,paid,1
sub_00042,2026-02-22,20.0,paid,1
sub_00042,2026-03-24,20.0,paid,1
sub_00042,2026-04-23,20.0,paid,1
sub_00042,2026-05-23,20.0,paid,1
sub_00042,2026-06-22,20.0,paid,1
sub_00042,2026-07-22,20.0,paid,1
sub_00043,2026-05-18,20.0,paid,1
sub_00043,2026-06-17,20.0,paid,1
sub_00044,2025-11-18,20.0,paid,1
sub_00044,2025-12-18,20.0,paid,1
sub_00044,2026-01-17,20.0,paid,1
sub_00044,2026-02-16,20.0,paid,1
sub_00044,2026-03-18,20.0,paid,1
sub_00044,2026-04-17,20.0,paid,1
sub_00044,2026-05-17,20.0,paid,1
sub_00044,2026-06-16,20.0,paid,1
sub_00044,2026-07-16,20.0,paid,1
sub_00045,2026-08-13,20.0,paid,1
sub_00045,2026-09-12,20.0,paid,1
sub_00046,2026-05-27,60.0,paid,1
sub_00046,2026-06-26,60.0,paid,1
sub_00046,2026-07-26,60.0,paid,1
sub_00047,2026-05-22,20.0,paid,1
sub_00047,2026-06-21,20.0,paid,1
sub_00047,2026-07-21,20.0,paid,1
sub_00047,2026-08-20,20.0,paid,1
sub_00048,2026-06-25,20.0,paid,1
sub_00049,2025-08-18,20.0,paid,1
sub_00049,2025-09-17,20.0,paid,1
sub_00049,2025-10-17,20.0,paid,1
sub_00049,2025-11-16,20.0,paid,1
sub_00049,2025-12-16,20.0,paid,1
sub_00049,2026-01-15,20.0,paid,1
sub_00049,2026-02-14,20.0,paid,1
sub_00049,2026-03-16,20.0,paid,1
sub_00049,2026-04-15,20.0,paid,1
sub_00049,2026-05-15,20.0,paid,1
sub_00049,2026-06-14,20.0,paid,1
sub_00049,2026-07-14,20.0,paid,1
sub_00049,2026-08-13,20.0,paid,1
sub_00050,2025-08-23,60.0,paid,1
sub_00050,2025-09-22,60.0,paid,1
sub_00050,2025-10-22,60.0,paid,1
sub_00050,2025-11-21,60.0,paid,1
sub_00050,2025-12-21,60.0,paid,1
sub_00050,2026-01-20,60.0,paid,1
sub_00050,2026-02-19,60.0,paid,1
sub_00050,2026-03-21,60.0,paid,1
sub_00050,2026-04-20,60.0,paid,1
sub_00050,2026-05-20,60.0,paid,1
sub_00050,2026-06-19,60.0,paid,1
sub_00050,2026-07-19,60.0,paid,1
sub_00051,2025-03-31,20.0,paid,1
sub_00051,2025-04-30,20.0,paid,1
sub_00051,2025-05-30,20.0,paid,1
sub_00051,2025-06-29,20.0,paid,1
sub_00051,2025-07-29,20.0,paid,1
sub_00051,2025-08-28,20.0,paid,1
sub_00051,2025-09-27,20.0,paid,1
sub_00051,2025-10-27,20.0,paid,1
sub_00051,2025-11-26,20.0,paid,1
sub_00051,2025-12-26,20.0,paid,1
sub_00051,2026-01-25,20.0,paid,1
sub_00051,2026-02-24,20.0,paid,1
sub_00051,2026-03-26,20.0,paid,1
sub_00051,2026-04-25,20.0,paid,1
sub_00051,2026-05-25,20.0,paid,1
sub_00051,2026-06-24,20.0,paid,1
sub_00051,2026-07-24,20.0,paid,1
sub_00051,2026-08-23,20.0,paid,1
sub_00052,2026-04-12,20.0,paid,1
sub_00052,2026-05-12,20.0,paid,1
sub_00052,2026-06-11,20.0,paid,1
sub_00052,2026-07-11,20.0,paid,1
sub_00052,2026-08-10,20.0,paid,1
sub_00052,2026-09-09,20.0,paid,1
sub_00053,2026-02-04,20.0,paid,1
sub_00053,2026-03-06,20.0,paid,1
sub_00053,2026-04-05,20.0,paid,1
sub_00053,2026-05-05,20.0,paid,1
sub_00053,2026-06-04,20.0,paid,1
sub_00053,2026-07-04,20.0,paid,1
sub_00053,2026-08-03,20.0,paid,1
sub_00054,2026-04-25,20.0,paid,1
sub_00054,2026-05-25,20.0,paid,1
sub_00056,2025-11-28,20.0,paid,1
sub_00056,2025-12-28,20.0,paid,1
sub_00056,2026-01-27,20.0,paid,1
sub_00056,2026-02-26,20.0,paid,1
sub_00056,2026-03-28,20.0,paid,1
sub_00056,2026-04-27,20.0,paid,1
sub_00056,2026-05-27,20.0,paid,1
sub_00056,2026-06-26,20.0,paid,1
sub_00057,2026-06-26,20.0,paid,1
sub_00057,2026-07-26,20.0,failed,1
sub_00057,2026-07-29,20.0,failed,2
sub_00057,2026-08-02,20.0,failed,3
sub_00057,2026-08-09,20.0,failed,4
sub_00058,2026-05-21,20.0,paid,1
sub_00058,2026-06-20,20.0,paid,1
sub_00059,2024-04-25,20.0,paid,1
sub_00059,2024-05-25,20.0,paid,1
sub_00059,2024-06-24,20.0,paid,1
sub_00059,2024-07-24,20.0,paid,1
sub_00059,2024-08-23,20.0,paid,1
sub_00059,2024-09-22,20.0,paid,1
sub_00059,2024-10-22,20.0,paid,1
sub_00059,2024-11-21,20.0,paid,1
sub_00059,2024-12-21,20.0,paid,1
sub_00059,2025-01-20,20.0,paid,1
sub_00059,2025-02-19,20.0,paid,1
sub_00059,2025-03-21,20.0,paid,1
sub_00059,2025-04-20,20.0,paid,1
sub_00059,2025-05-20,20.0,paid,1
sub_00059,2025-06-19,20.0,paid,1
sub_00059,2025-07-19,20.0,paid,1
sub_00059,2025-08-18,20.0,paid,1
sub_00059,2025-09-17,20.0,paid,1
sub_00059,2025-10-17,20.0,paid,1
sub_00059,2025-11-16,20.0,paid,1
sub_00059,2025-12-16,20.0,paid,1
sub_00059,2026-01-15,20.0,paid,1
sub_00059,2026-02-14,20.0,paid,1
sub_00059,2026-03-16,20.0,paid,1
sub_00059,2026-04-15,20.0,paid,1
sub_00059,2026-05-15,20.0,paid,1
sub_00059,2026-06-14,20.0,paid,1
sub_00059,2026-07-14,20.0,paid,1
sub_00059,2026-08-13,20.0,paid,1
sub_00060,2026-07-13,60.0,paid,1
sub_00063,2026-03-09,20.0,paid,1
sub_00063,2026-04-08,20.0,paid,1
sub_00063,2026-05-08,20.0,paid,1
sub_00063,2026-06-07,20.0,paid,1
sub_00063,2026-07-07,20.0,paid,1
sub_00063,2026-08-06,20.0,paid,1
sub_00063,2026-09-05,20.0,paid,1
sub_00064,2026-07-02,20.0,paid,1
sub_00064,2026-08-01,20.0,paid,1
sub_00064,2026-08-31,20.0,paid,1
sub_00065,2026-06-30,20.0,paid,1
sub_00065,2026-07-30,20.0,paid,1
sub_00065,2026-08-29,20.0,paid,1
sub_00066,2026-02-20,20.0,paid,1
sub_00066,2026-03-22,20.0,paid,1
sub_00066,2026-04-21,20.0,paid,1
sub_00066,2026-05-21,20.0,paid,1
sub_00066,2026-06-20,20.0,failed,1
sub_00066,2026-06-23,20.0,failed,2
sub_00066,2026-06-27,20.0,failed,3
sub_00066,2026-07-04,20.0,failed,4
sub_00067,2026-07-17,20.0,paid,1
sub_00068,2026-09-13,20.0,paid,1
sub_00069,2025-06-13,20.0,paid,1
sub_00069,2025-07-13,20.0,paid,1
sub_00069,2025-08-12,20.0,paid,1
sub_00069,2025-09-11,20.0,paid,1
sub_00069,2025-10-11,20.0,paid,1
sub_00069,2025-11-10,20.0,paid,1
sub_00069,2025-12-10,20.0,paid,1
sub_00069,2026-01-09,20.0,paid,1
sub_00069,2026-02-08,20.0,paid,1
sub_00069,2026-03-10,20.0,paid,1
sub_00069,2026-04-09,20.0,paid,1
sub_00069,2026-05-09,20.0,paid,1
sub_00069,2026-06-08,20.0,paid,1
sub_00069,2026-07-08,20.0,paid,1
sub_00069,2026-08-07,20.0,paid,1
sub_00070,2025-07-01,20.0,paid,1
sub_00070,2025-07-31,20.0,paid,1
sub_00070,2025-08-30,20.0,paid,1
sub_00070,2025-09-29,20.0,paid,1
sub_00070,2025-10-29,20.0,paid,1
sub_00070,2025-11-28,20.0,paid,1
sub_00070,2025-12-28,20.0,paid,1
sub_00070,2026-01-27,20.0,paid,1
sub_00070,2026-02-26,20.0,paid,1
sub_00070,2026-03-28,20.0,paid,1
sub_00070,2026-04-27,20.0,paid,1
sub_00070,2026-05-27,20.0,paid,1
sub_00070,2026-06-26,20.0,paid,1
sub_00071,2026-02-28,20.0,paid,1
sub_00071,2026-03-30,20.0,paid,1
sub_00071,2026-04-29,20.0,paid,1
sub_00071,2026-05-29,20.0,paid,1
sub_00071,2026-06-28,20.0,paid,1
sub_00072,2025-05-15,20.0,paid,1
sub_00072,2025-06-14,20.0,paid,1
sub_00072,2025-07-14,20.0,paid,1
sub_00072,2025-08-13,20.0,paid,1
sub_00072,2025-09-12,20.0,paid,1
sub_00072,2025-10-12,20.0,paid,1
sub_00072,2025-11-11,20.0,paid,1
sub_00072,2025-12-11,20.0,paid,1
sub_00072,2026-01-10,20.0,paid,1
sub_00072,2026-02-09,20.0,paid,1
sub_00072,2026-03-11,20.0,paid,1
sub_00072,2026-04-10,20.0,paid,1
sub_00072,2026-05-10,20.0,paid,1
sub_00072,2026-06-09,20.0,paid,1
sub_00072,2026-07-09,20.0,paid,1
sub_00073,2026-09-13,60.0,paid,1
sub_00074,2026-03-02,60.0,paid,1
sub_00074,2026-04-01,60.0,paid,1
sub_00074,2026-05-01,60.0,paid,1
sub_00074,2026-05-31,60.0,paid,1
sub_00074,2026-06-30,60.0,paid,1
sub_00075,2026-03-10,60.0,paid,1
sub_00075,2026-04-09,60.0,paid,1
sub_00075,2026-05-09,60.0,paid,1
sub_00075,2026-06-08,60.0,paid,1
sub_00075,2026-07-08,60.0,paid,1
sub_00075,2026-08-07,60.0,paid,1
sub_00075,2026-09-06,60.0,paid,1
sub_00076,2025-10-21,20.0,paid,1
sub_00076,2025-11-20,20.0,paid,1
sub_00076,2025-12-20,20.0,paid,1
sub_00076,2026-01-19,20.0,paid,1
sub_00076,2026-02-18,20.0,paid,1
sub_00076,2026-03-20,20.0,paid,1
sub_00076,2026-04-19,20.0,paid,1
sub_00076,2026-05-19,20.0,paid,1
sub_00076,2026-06-18,20.0,paid,1
sub_00076,2026-07-18,20.0,paid,1
sub_00076,2026-08-17,20.0,paid,1
sub_00077,2026-05-11,20.0,paid,1
sub_00077,2026-06-10,20.0,paid,1
sub_00077,2026-07-10,20.0,paid,1
sub_00077,2026-08-09,20.0,paid,1
sub_00077,2026-09-08,20.0,paid,1
sub_00078,2026-05-02,20.0,paid,1
sub_00078,2026-06-01,20.0,paid,1
sub_00078,2026-07-01,20.0,paid,1
sub_00078,2026-07-31,20.0,paid,1
sub_00078,2026-08-30,20.0,failed,1
sub_00078,2026-09-02,20.0,failed,2
sub_00078,2026-09-06,20.0,failed,3
sub_00078,2026-09-13,20.0,failed,4
sub_00079,2026-06-15,20.0,paid,1
sub_00079,2026-07-15,20.0,paid,1
sub_00080,2026-03-03,20.0,paid,1
sub_00080,2026-04-02,20.0,paid,1
sub_00080,2026-05-02,20.0,paid,1
sub_00080,2026-06-01,20.0,paid,1
sub_00080,2026-07-01,20.0,paid,1
sub_00080,2026-07-31,20.0,paid,1
sub_00080,2026-08-30,20.0,paid,1
sub_00081,2026-06-30,20.0,paid,1
sub_00082,2025-08-16,20.0,paid,1
sub_00082,2025-09-15,20.0,paid,1
sub_00082,2025-10-15,20.0,paid,1
sub_00082,2025-11-14,20.0,paid,1
sub_00082,2025-12-14,20.0,paid,1
sub_00082,2026-01-13,20.0,paid,1
sub_00082,2026-02-12,20.0,paid,1
sub_00082,2026-03-14,20.0,paid,1
sub_00082,2026-04-13,20.0,paid,1
sub_00082,2026-05-13,20.0,paid,1
sub_00082,2026-06-12,20.0,paid,1
sub_00083,2026-04-05,20.0,paid,1
sub_00083,2026-05-05,20.0,paid,1
sub_00083,2026-06-04,20.0,paid,1
sub_00083,2026-07-04,20.0,paid,1
sub_00084,2026-06-27,20.0,paid,1
sub_00085,2026-04-24,20.0,paid,1
sub_00085,2026-05-24,20.0,paid,1
sub_00085,2026-06-23,20.0,paid,1
sub_00086,2026-04-03,20.0,paid,1
sub_00086,2026-05-03,20.0,paid,1
sub_00086,2026-06-02,20.0,paid,1
sub_00086,2026-07-02,20.0,failed,1
sub_00086,2026-07-05,20.0,failed,2
sub_00086,2026-07-09,20.0,failed,3
sub_00086,2026-07-16,20.0,failed,4
sub_00087,2024-11-03,20.0,paid,1
sub_00087,2024-12-03,20.0,paid,1
sub_00087,2025-01-02,20.0,paid,1
sub_00087,2025-02-01,20.0,paid,1
sub_00087,2025-03-03,20.0,paid,1
sub_00087,2025-04-02,20.0,paid,1
sub_00087,2025-05-02,20.0,paid,1
sub_00087,2025-06-01,20.0,paid,1
sub_00087,2025-07-01,20.0,paid,1
sub_00087,2025-07-31,20.0,paid,1
sub_00087,2025-08-30,20.0,paid,1
sub_00087,2025-09-29,20.0,paid,1
sub_00087,2025-10-29,20.0,paid,1
sub_00087,2025-11-28,20.0,paid,1
sub_00087,2025-12-28,20.0,paid,1
sub_00087,2026-01-27,20.0,paid,1
sub_00087,2026-02-26,20.0,paid,1
sub_00087,2026-03-28,20.0,paid,1
sub_00087,2026-04-27,20.0,paid,1
sub_00087,2026-05-27,20.0,paid,1
sub_00087,2026-06-26,20.0,paid,1
sub_00088,2026-01-21,20.0,paid,1
sub_00088,2026-02-20,20.0,paid,1
sub_00088,2026-03-22,20.0,paid,1
sub_00088,2026-04-21,20.0,paid,1
sub_00088,2026-05-21,20.0,paid,1
sub_00088,2026-06-20,20.0,paid,1
sub_00088,2026-07-20,20.0,paid,1
sub_00089,2025-09-24,20.0,paid,1
sub_00089,2025-10-24,20.0,paid,1
sub_00089,2025-11-23,20.0,paid,1
sub_00089,2025-12-23,20.0,paid,1
sub_00089,2026-01-22,20.0,paid,1
sub_00089,2026-02-21,20.0,paid,1
sub_00089,2026-03-23,20.0,paid,1
sub_00089,2026-04-22,20.0,paid,1
sub_00089,2026-05-22,20.0,paid,1
sub_00089,2026-06-21,20.0,paid,1
sub_00090,2024-05-01,60.0,paid,1
sub_00090,2024-05-31,60.0,paid,1
sub_00090,2024-06-30,60.0,paid,1
sub_00090,2024-07-30,60.0,paid,1
sub_00090,2024-08-29,60.0,paid,1
sub_00090,2024-09-28,60.0,paid,1
sub_00090,2024-10-28,60.0,paid,1
sub_00090,2024-11-27,60.0,paid,1
sub_00090,2024-12-27,60.0,paid,1
sub_00090,2025-01-26,60.0,paid,1
sub_00090,2025-02-25,60.0,paid,1
sub_00090,2025-03-27,60.0,paid,1
sub_00090,2025-04-26,60.0,paid,1
sub_00090,2025-05-26,60.0,paid,1
sub_00090,2025-06-25,60.0,paid,1
sub_00090,2025-07-25,60.0,paid,1
sub_00090,2025-08-24,60.0,paid,1
sub_00090,2025-09-23,60.0,paid,1
sub_00090,2025-10-23,60.0,paid,1
sub_00090,2025-11-22,60.0,paid,1
sub_00090,2025-12-22,60.0,paid,1
sub_00090,2026-01-21,60.0,paid,1
sub_00090,2026-02-20,60.0,paid,1
sub_00090,2026-03-22,60.0,paid,1
sub_00090,2026-04-21,60.0,paid,1
sub_00090,2026-05-21,60.0,paid,1
sub_00090,2026-06-20,60.0,paid,1
sub_00091,2026-02-17,200.0,paid,1
sub_00091,2026-03-19,200.0,paid,1
sub_00091,2026-04-18,200.0,paid,1
sub_00091,2026-05-18,200.0,paid,1
sub_00091,2026-06-17,200.0,paid,1
sub_00091,2026-07-17,200.0,paid,1
sub_00091,2026-08-16,200.0,paid,1
sub_00091,2026-09-15,200.0,paid,1
sub_00092,2026-06-23,60.0,paid,1
sub_00093,2025-11-23,20.0,paid,1
sub_00093,2025-12-23,20.0,paid,1
sub_00093,2026-01-22,20.0,paid,1
sub_00093,2026-02-21,20.0,paid,1
sub_00093,2026-03-23,20.0,paid,1
sub_00093,2026-04-22,20.0,paid,1
sub_00093,2026-05-22,20.0,paid,1
sub_00093,2026-06-21,20.0,paid,1
sub_00094,2025-10-20,20.0,paid,1
sub_00094,2025-11-19,20.0,paid,1
sub_00094,2025-12-19,20.0,paid,1
sub_00094,2026-01-18,20.0,paid,1
sub_00094,2026-02-17,20.0,paid,1
sub_00094,2026-03-19,20.0,paid,1
sub_00094,2026-04-18,20.0,paid,1
sub_00094,2026-05-18,20.0,paid,1
sub_00094,2026-06-17,20.0,paid,1
sub_00095,2026-04-28,20.0,paid,1
sub_00095,2026-05-28,20.0,paid,1
sub_00095,2026-06-27,20.0,paid,1
sub_00096,2026-07-04,60.0,paid,1
sub_00096,2026-08-03,60.0,paid,1
sub_00097,2026-05-02,20.0,paid,1
sub_00097,2026-06-01,20.0,paid,1
sub_00097,2026-07-01,20.0,paid,1
sub_00097,2026-07-31,20.0,paid,1
sub_00097,2026-08-30,20.0,paid,1
sub_00098,2023-10-07,20.0,paid,1
sub_00098,2023-11-06,20.0,paid,1
sub_00098,2023-12-06,20.0,paid,1
sub_00098,2024-01-05,20.0,paid,1
sub_00098,2024-02-04,20.0,paid,1
sub_00098,2024-03-05,20.0,paid,1
sub_00098,2024-04-04,20.0,paid,1
sub_00098,2024-05-04,20.0,paid,1
sub_00098,2024-06-03,20.0,paid,1
sub_00098,2024-07-03,20.0,paid,1
sub_00098,2024-08-02,20.0,paid,1
sub_00098,2024-09-01,20.0,paid,1
sub_00098,2024-10-01,20.0,paid,1
sub_00098,2024-10-31,20.0,paid,1
sub_00098,2024-11-30,20.0,paid,1
sub_00098,2024-12-30,20.0,paid,1
sub_00098,2025-01-29,20.0,paid,1
sub_00098,2025-02-28,20.0,paid,1
sub_00098,2025-03-30,20.0,paid,1
sub_00098,2025-04-29,20.0,paid,1
sub_00098,2025-05-29,20.0,paid,1
sub_00098,2025-06-28,20.0,paid,1
sub_00098,2025-07-28,20.0,paid,1
sub_00098,2025-08-27,20.0,paid,1
sub_00098,2025-09-26,20.0,paid,1
sub_00098,2025-10-26,20.0,paid,1
sub_00098,2025-11-25,20.0,paid,1
sub_00098,2025-12-25,20.0,paid,1
sub_00098,2026-01-24,20.0,paid,1
sub_00098,2026-02-23,20.0,paid,1
sub_00098,2026-03-25,20.0,paid,1
sub_00098,2026-04-24,20.0,paid,1
sub_00098,2026-05-24,20.0,paid,1
sub_00098,2026-06-23,20.0,paid,1
sub_00098,2026-07-23,20.0,paid,1
sub_00098,2026-08-22,20.0,paid,1
sub_00099,2025-12-10,60.0,paid,1
sub_00099,2026-01-09,60.0,paid,1
sub_00099,2026-02-08,60.0,paid,1
sub_00099,2026-03-10,60.0,paid,1
sub_00099,2026-04-09,60.0,paid,1
sub_00099,2026-05-09,60.0,paid,1
sub_00099,2026-06-08,60.0,paid,1
sub_00099,2026-07-08,60.0,paid,1
sub_00099,2026-08-07,60.0,paid,1
sub_00100,2025-07-27,20.0,paid,1
sub_00100,2025-08-26,20.0,paid,1
sub_00100,2025-09-25,20.0,paid,1
sub_00100,2025-10-25,20.0,paid,1
sub_00100,2025-11-24,20.0,paid,1
sub_00100,2025-12-24,20.0,paid,1
sub_00100,2026-01-23,20.0,paid,1
sub_00100,2026-02-22,20.0,paid,1
sub_00100,2026-03-24,20.0,paid,1
sub_00100,2026-04-23,20.0,paid,1
sub_00100,2026-05-23,20.0,paid,1
sub_00100,2026-06-22,20.0,failed,1
sub_00100,2026-06-25,20.0,failed,2
sub_00100,2026-06-29,20.0,failed,3
sub_00100,2026-07-06,20.0,failed,4
sub_00101,2025-12-29,20.0,paid,1
sub_00101,2026-01-28,20.0,paid,1
sub_00101,2026-02-27,20.0,paid,1
sub_00101,2026-03-29,20.0,paid,1
sub_00101,2026-04-28,20.0,paid,1
sub_00101,2026-05-28,20.0,paid,1
sub_00101,2026-06-27,20.0,paid,1
sub_00101,2026-07-27,20.0,paid,1
sub_00101,2026-08-26,20.0,paid,1
sub_00102,2026-04-19,20.0,paid,1
sub_00102,2026-05-19,20.0,paid,1
sub_00102,2026-06-18,20.0,paid,1
sub_00103,2026-03-15,20.0,paid,1
sub_00103,2026-04-14,20.0,paid,1
sub_00103,2026-05-14,20.0,paid,1
sub_00103,2026-06-13,20.0,paid,1
sub_00103,2026-07-13,20.0,paid,1
sub_00103,2026-08-12,20.0,paid,1
sub_00104,2025-03-30,20.0,paid,1
sub_00104,2025-04-29,20.0,paid,1
sub_00104,2025-05-29,20.0,paid,1
sub_00104,2025-06-28,20.0,paid,1
sub_00104,2025-07-28,20.0,paid,1
sub_00104,2025-08-27,20.0,paid,1
sub_00104,2025-09-26,20.0,paid,1
sub_00104,2025-10-26,20.0,paid,1
sub_00104,2025-11-25,20.0,paid,1
sub_00104,2025-12-25,20.0,paid,1
sub_00104,2026-01-24,20.0,paid,1
sub_00104,2026-02-23,20.0,paid,1
sub_00104,2026-03-25,20.0,paid,1
sub_00104,2026-04-24,20.0,paid,1
sub_00104,2026-05-24,20.0,paid,1
sub_00104,2026-06-23,20.0,paid,1
sub_00104,2026-07-23,20.0,paid,1
sub_00105,2026-07-07,20.0,paid,1
sub_00105,2026-08-06,20.0,paid,1
sub_00106,2026-07-13,20.0,paid,1
sub_00107,2023-01-31,20.0,paid,1
sub_00107,2023-03-02,20.0,paid,1
sub_00107,2023-04-01,20.0,paid,1
sub_00107,2023-05-01,20.0,paid,1
sub_00107,2023-05-31,20.0,paid,1
sub_00107,2023-06-30,20.0,paid,1
sub_00107,2023-07-30,20.0,paid,1
sub_00107,2023-08-29,20.0,paid,1
sub_00107,2023-09-28,20.0,paid,1
sub_00107,2023-10-28,20.0,paid,1
sub_00107,2023-11-27,20.0,paid,1
sub_00107,2023-12-27,20.0,paid,1
sub_00107,2024-01-26,20.0,paid,1
sub_00107,2024-02-25,20.0,paid,1
sub_00107,2024-03-26,20.0,paid,1
sub_00107,2024-04-25,20.0,paid,1
sub_00107,2024-05-25,20.0,paid,1
sub_00107,2024-06-24,20.0,paid,1
sub_00107,2024-07-24,20.0,paid,1
sub_00107,2024-08-23,20.0,paid,1
sub_00107,2024-09-22,20.0,paid,1
sub_00107,2024-10-22,20.0,paid,1
sub_00107,2024-11-21,20.0,paid,1
sub_00107,2024-12-21,20.0,paid,1
sub_00107,2025-01-20,20.0,paid,1
sub_00107,2025-02-19,20.0,paid,1
sub_00107,2025-03-21,20.0,paid,1
sub_00107,2025-04-20,20.0,paid,1
sub_00107,2025-05-20,20.0,paid,1
sub_00107,2025-06-19,20.0,paid,1
sub_00107,2025-07-19,20.0,paid,1
sub_00107,2025-08-18,20.0,paid,1
sub_00107,2025-09-17,20.0,paid,1
sub_00107,2025-10-17,20.0,paid,1
sub_00107,2025-11-16,20.0,paid,1
sub_00107,2025-12-16,20.0,paid,1
sub_00107,2026-01-15,20.0,paid,1
sub_00107,2026-02-14,20.0,paid,1
sub_00107,2026-03-16,20.0,paid,1
sub_00107,2026-04-15,20.0,paid,1
sub_00107,2026-05-15,20.0,paid,1
sub_00107,2026-06-14,20.0,paid,1
sub_00107,2026-07-14,20.0,paid,1
sub_00107,2026-08-13,20.0,paid,1
sub_00108,2026-05-26,20.0,paid,1
sub_00108,2026-06-25,20.0,paid,1
sub_00108,2026-07-25,20.0,paid,1
sub_00109,2024-06-13,20.0,paid,1
sub_00109,2024-07-13,20.0,paid,1
sub_00109,2024-08-12,20.0,paid,1
sub_00109,2024-09-11,20.0,paid,1
sub_00109,2024-10-11,20.0,paid,1
sub_00109,2024-11-10,20.0,paid,1
sub_00109,2024-12-10,20.0,paid,1
sub_00109,2025-01-09,20.0,paid,1
sub_00109,2025-02-08,20.0,paid,1
sub_00109,2025-03-10,20.0,paid,1
sub_00109,2025-04-09,20.0,paid,1
sub_00109,2025-05-09,20.0,paid,1
sub_00109,2025-06-08,20.0,paid,1
sub_00109,2025-07-08,20.0,paid,1
sub_00109,2025-08-07,20.0,paid,1
sub_00109,2025-09-06,20.0,paid,1
sub_00109,2025-10-06,20.0,paid,1
sub_00109,2025-11-05,20.0,paid,1
sub_00109,2025-12-05,20.0,paid,1
sub_00109,2026-01-04,20.0,paid,1
sub_00109,2026-02-03,20.0,paid,1
sub_00109,2026-03-05,20.0,paid,1
sub_00109,2026-04-04,20.0,paid,1
sub_00109,2026-05-04,20.0,paid,1
sub_00109,2026-06-03,20.0,paid,1
sub_00109,2026-07-03,20.0,paid,1
sub_00109,2026-08-02,20.0,paid,1
sub_00110,2026-04-13,20.0,paid,1
sub_00110,2026-05-13,20.0,paid,1
sub_00110,2026-06-12,20.0,paid,1
sub_00110,2026-07-12,20.0,paid,1
sub_00110,2026-08-11,20.0,paid,1
sub_00110,2026-09-10,20.0,paid,1
sub_00111,2026-04-22,20.0,paid,1
sub_00111,2026-05-22,20.0,paid,1
sub_00111,2026-06-21,20.0,paid,1
sub_00111,2026-07-21,20.0,paid,1
sub_00111,2026-08-20,20.0,paid,1
sub_00112,2026-01-24,20.0,paid,1
sub_00112,2026-02-23,20.0,paid,1
sub_00112,2026-03-25,20.0,paid,1
sub_00112,2026-04-24,20.0,paid,1
sub_00112,2026-05-24,20.0,paid,1
sub_00112,2026-06-23,20.0,paid,1
sub_00112,2026-07-23,20.0,paid,1
sub_00113,2026-03-28,20.0,paid,1
sub_00113,2026-04-27,20.0,paid,1
sub_00113,2026-05-27,20.0,paid,1
sub_00113,2026-06-26,20.0,paid,1
sub_00113,2026-07-26,20.0,paid,1
sub_00114,2025-02-25,60.0,paid,1
sub_00114,2025-03-27,60.0,paid,1
sub_00114,2025-04-26,60.0,paid,1
sub_00114,2025-05-26,60.0,paid,1
sub_00114,2025-06-25,60.0,paid,1
sub_00114,2025-07-25,60.0,paid,1
sub_00114,2025-08-24,60.0,paid,1
sub_00114,2025-09-23,60.0,paid,1
sub_00114,2025-10-23,60.0,paid,1
sub_00114,2025-11-22,60.0,paid,1
sub_00114,2025-12-22,60.0,paid,1
sub_00114,2026-01-21,60.0,paid,1
sub_00114,2026-02-20,60.0,paid,1
sub_00114,2026-03-22,60.0,paid,1
sub_00114,2026-04-21,60.0,paid,1
sub_00114,2026-05-21,60.0,paid,1
sub_00114,2026-06-20,60.0,paid,1
sub_00114,2026-07-20,60.0,paid,1
sub_00114,2026-08-19,60.0,paid,1
sub_00115,2026-04-18,20.0,paid,1
sub_00115,2026-05-18,20.0,paid,1
sub_00115,2026-06-17,20.0,paid,1
sub_00115,2026-07-17,20.0,paid,1
sub_00116,2026-06-30,20.0,paid,1
sub_00117,2025-09-01,20.0,paid,1
sub_00117,2025-10-01,20.0,paid,1
sub_00117,2025-10-31,20.0,paid,1
sub_00117,2025-11-30,20.0,paid,1
sub_00117,2025-12-30,20.0,paid,1
sub_00117,2026-01-29,20.0,paid,1
sub_00117,2026-02-28,20.0,paid,1
sub_00117,2026-03-30,20.0,paid,1
sub_00117,2026-04-29,20.0,paid,1
sub_00117,2026-05-29,20.0,paid,1
sub_00117,2026-06-28,20.0,paid,1
sub_00118,2025-12-23,20.0,paid,1
sub_00118,2026-01-22,20.0,paid,1
sub_00118,2026-02-21,20.0,paid,1
sub_00118,2026-03-23,20.0,paid,1
sub_00118,2026-04-22,20.0,paid,1
sub_00118,2026-05-22,20.0,paid,1
sub_00118,2026-06-21,20.0,paid,1
sub_00119,2026-06-30,20.0,paid,1
sub_santosh,2026-07-09,20.0,paid,1
sub_santosh,2026-08-08,20.0,paid,1
sub_santosh,2026-09-07,20.0,paid,1
