subscription_id,hit_at,limit_type
sub_00007,2026-07-21 21:20:00,weekly
sub_00007,2026-07-30 07:10:00,weekly
sub_00007,2026-07-14 03:27:00,five_hour
sub_00007,2026-07-14 06:44:00,five_hour
sub_00007,2026-07-29 21:03:00,weekly
sub_00007,2026-07-26 20:24:00,five_hour
sub_00007,2026-07-28 09:29:00,weekly
sub_00007,2026-07-22 01:00:00,weekly
sub_00007,2026-07-21 16:19:00,five_hour
sub_00007,2026-07-17 22:36:00,five_hour
sub_00007,2026-07-17 08:05:00,five_hour
sub_00007,2026-07-28 08:49:00,five_hour
sub_00007,2026-07-20 11:25:00,weekly
sub_00007,2026-07-14 11:35:00,weekly
sub_00009,2026-06-05 15:46:00,five_hour
sub_00014,2026-08-17 08:44:00,weekly
sub_00014,2026-08-15 11:11:00,weekly
sub_00018,2026-07-02 16:18:00,weekly
sub_00020,2026-08-31 16:16:00,weekly
sub_00020,2026-08-30 01:18:00,weekly
sub_00020,2026-08-19 08:19:00,weekly
sub_00020,2026-08-13 08:07:00,weekly
sub_00020,2026-08-17 11:14:00,weekly
sub_00020,2026-08-28 22:33:00,five_hour
sub_00022,2026-07-09 17:18:00,weekly
sub_00022,2026-07-03 08:55:00,five_hour
sub_00022,2026-06-30 21:49:00,five_hour
sub_00029,2026-08-06 22:23:00,five_hour
sub_00029,2026-08-22 09:10:00,weekly
sub_00029,2026-08-15 22:02:00,weekly
sub_00029,2026-08-04 04:18:00,five_hour
sub_00029,2026-08-18 09:01:00,five_hour
sub_00029,2026-08-17 07:31:00,weekly
sub_00029,2026-08-18 12:54:00,five_hour
sub_00029,2026-08-08 17:28:00,weekly
sub_00029,2026-08-18 10:21:00,five_hour
sub_00029,2026-08-08 11:12:00,five_hour
sub_00029,2026-08-10 04:33:00,weekly
sub_00029,2026-08-04 17:39:00,five_hour
sub_00029,2026-08-09 09:10:00,weekly
sub_00029,2026-08-14 04:17:00,weekly
sub_00029,2026-08-19 10:03:00,weekly
sub_00029,2026-08-13 14:11:00,five_hour
sub_00029,2026-08-11 01:10:00,weekly
sub_00031,2026-08-17 19:27:00,weekly
sub_00031,2026-08-20 13:26:00,weekly
sub_00031,2026-08-21 03:45:00,weekly
sub_00031,2026-09-03 11:26:00,weekly
sub_00031,2026-08-19 20:05:00,weekly
sub_00031,2026-08-26 23:46:00,five_hour
sub_00031,2026-08-29 04:03:00,five_hour
sub_00031,2026-08-25 16:08:00,weekly
sub_00031,2026-08-31 15:59:00,five_hour
sub_00031,2026-08-29 08:22:00,weekly
sub_00034,2026-07-31 00:51:00,five_hour
sub_00034,2026-07-18 22:38:00,five_hour
sub_00034,2026-08-01 14:44:00,weekly
sub_00034,2026-07-26 21:00:00,weekly
sub_00034,2026-08-03 00:55:00,five_hour
sub_00034,2026-08-03 18:26:00,weekly
sub_00047,2026-07-30 15:10:00,five_hour
sub_00047,2026-08-04 18:34:00,weekly
sub_00047,2026-08-08 12:04:00,weekly
sub_00047,2026-08-12 06:18:00,five_hour
sub_00047,2026-08-10 00:57:00,five_hour
sub_00047,2026-08-19 19:36:00,five_hour
sub_00047,2026-08-05 11:22:00,weekly
sub_00047,2026-08-19 21:02:00,weekly
sub_00047,2026-08-06 08:53:00,five_hour
sub_00047,2026-08-06 06:37:00,five_hour
sub_00047,2026-07-30 16:00:00,weekly
sub_00047,2026-08-02 14:30:00,five_hour
sub_00047,2026-08-04 16:54:00,five_hour
sub_00050,2026-07-17 13:09:00,five_hour
sub_00050,2026-06-28 02:13:00,five_hour
sub_00050,2026-07-17 10:19:00,weekly
sub_00050,2026-07-01 15:12:00,weekly
sub_00050,2026-07-07 13:00:00,five_hour
sub_00050,2026-06-28 04:28:00,five_hour
sub_00052,2026-08-20 05:12:00,five_hour
sub_00052,2026-08-23 17:07:00,five_hour
sub_00052,2026-09-08 23:31:00,five_hour
sub_00053,2026-07-16 00:34:00,weekly
sub_00053,2026-07-19 00:55:00,weekly
sub_00053,2026-07-26 04:56:00,weekly
sub_00057,2026-07-25 18:42:00,five_hour
sub_00057,2026-07-18 01:57:00,weekly
sub_00057,2026-07-17 04:37:00,five_hour
sub_00057,2026-07-09 14:32:00,five_hour
sub_00057,2026-07-21 15:31:00,weekly
sub_00069,2026-07-21 11:33:00,weekly
sub_00069,2026-08-04 08:23:00,weekly
sub_00069,2026-07-19 03:34:00,weekly
sub_00069,2026-08-05 16:20:00,five_hour
sub_00069,2026-07-18 06:31:00,weekly
sub_00069,2026-07-31 14:30:00,weekly
sub_00069,2026-08-05 04:47:00,five_hour
sub_00069,2026-08-01 19:48:00,weekly
sub_00069,2026-07-27 19:29:00,weekly
sub_00069,2026-08-04 01:59:00,five_hour
sub_00069,2026-07-31 06:47:00,five_hour
sub_00069,2026-07-31 11:42:00,five_hour
sub_00069,2026-08-03 18:54:00,weekly
sub_00069,2026-07-27 01:59:00,weekly
sub_00069,2026-08-06 07:29:00,weekly
sub_00069,2026-08-01 10:03:00,five_hour
sub_00069,2026-08-03 07:57:00,five_hour
sub_00069,2026-08-06 01:38:00,weekly
sub_00075,2026-08-23 13:15:00,five_hour
sub_00075,2026-08-26 14:37:00,weekly
sub_00075,2026-08-18 17:43:00,weekly
sub_00077,2026-08-25 16:25:00,weekly
sub_00077,2026-08-18 15:59:00,weekly
sub_00084,2026-06-07 12:22:00,weekly
sub_00084,2026-06-19 21:52:00,weekly
sub_00084,2026-06-11 07:19:00,five_hour
sub_00084,2026-06-13 02:08:00,weekly
sub_00084,2026-06-15 16:30:00,weekly
sub_00088,2026-07-04 08:49:00,weekly
sub_00088,2026-07-15 13:01:00,five_hour
sub_00088,2026-07-13 09:23:00,weekly
sub_00088,2026-07-11 02:02:00,weekly
sub_00088,2026-07-04 02:37:00,weekly
sub_00088,2026-07-11 17:17:00,weekly
sub_00088,2026-06-29 04:26:00,weekly
sub_00088,2026-07-07 19:54:00,five_hour
sub_00089,2026-06-01 21:25:00,five_hour
sub_00089,2026-06-18 16:48:00,five_hour
sub_00090,2026-06-06 15:39:00,five_hour
sub_00091,2026-08-28 03:48:00,weekly
sub_00091,2026-08-26 15:49:00,weekly
sub_00092,2026-06-20 14:31:00,five_hour
sub_00096,2026-08-02 08:31:00,five_hour
sub_00096,2026-07-30 12:25:00,weekly
sub_00096,2026-08-01 13:05:00,five_hour
sub_00096,2026-07-27 02:03:00,weekly
sub_00096,2026-07-30 11:07:00,weekly
sub_00096,2026-07-15 12:02:00,weekly
sub_00096,2026-07-27 02:24:00,five_hour
sub_00096,2026-07-25 10:05:00,weekly
sub_00096,2026-07-18 10:16:00,weekly
sub_00096,2026-07-31 15:43:00,five_hour
sub_00116,2026-06-11 21:35:00,five_hour
sub_00116,2026-06-21 17:37:00,weekly
sub_00116,2026-06-15 07:00:00,five_hour
sub_00116,2026-06-24 09:48:00,five_hour
sub_00116,2026-06-14 10:03:00,weekly
sub_maya,2026-09-27 14:00:00,weekly
sub_maya,2026-09-25 14:00:00,weekly
sub_maya,2026-09-24 14:00:00,weekly
