subscription_id,snapshot_date,user_name,plan_tier,status,current_period_end,started_at,city
sub_00000,2026-07-20,Quinn Ramirez,pro,active,2026-07-27,2026-01-28,London
sub_00001,2026-06-28,Marcus Kim,pro,active,2026-07-05,2026-06-05,Pune
sub_00002,2026-09-01,Quinn Chen,pro,active,2026-09-08,2026-07-10,Pune
sub_00003,2026-08-13,Marcus Garcia,pro,active,2026-08-20,2026-06-21,Seattle
sub_00004,2026-07-07,Marcus Miles,pro_plus,active,2026-07-14,2026-04-15,Pune
sub_00005,2026-07-30,Sofia Singh,pro,active,2026-08-06,2026-04-08,Pune
sub_00006,2026-08-03,Aisha Mehta,pro,active,2026-08-10,2026-05-12,Berlin
sub_00007,2026-07-24,Ananya Miles,pro,active,2026-07-31,2025-10-04,Berlin
sub_00008,2026-07-22,Vikram Patel,pro_plus,active,2026-07-29,2026-03-01,Bengaluru
sub_00009,2026-06-13,Vikram Ramirez,pro_plus,active,2026-06-20,2026-03-22,Austin
sub_00010,2026-07-20,Riley Kim,pro,active,2026-07-27,2026-05-28,London
sub_00011,2026-07-10,Marcus Garcia,ultra,active,2026-07-17,2025-10-20,Austin
sub_00012,2026-08-23,Morgan Carter,ultra,active,2026-08-30,2026-06-01,Austin
sub_00013,2026-08-27,Ananya Lee,pro,active,2026-09-03,2026-06-05,Pune
sub_00014,2026-08-16,Jordan Kim,pro,active,2026-08-23,2024-12-31,Austin
sub_00015,2026-06-10,Aisha Iyer,pro,active,2026-06-17,2026-05-18,London
sub_00016,2026-08-25,Riley Kim,pro,active,2026-09-01,2026-05-04,Berlin
sub_00017,2026-07-14,Avery Khan,pro,active,2026-07-21,2026-01-22,Seattle
sub_00018,2026-07-16,Casey Iyer,pro,active,2026-07-23,2025-11-25,Pune
sub_00019,2026-09-03,Morgan Iyer,pro,active,2026-09-10,2026-01-13,Pune
sub_00020,2026-08-27,Sam Iyer,pro,active,2026-09-03,2026-07-05,Berlin
sub_00021,2026-06-12,Vikram Chen,pro,active,2026-06-19,2026-05-20,Bengaluru
sub_00022,2026-07-11,Avery Carter,pro,active,2026-07-18,2025-12-20,Berlin
sub_00023,2026-08-16,Rahul Mehta,pro,active,2026-08-23,2026-02-24,Seattle
sub_00024,2026-07-28,Priya Mehta,pro,active,2026-08-04,2026-07-05,Austin
sub_00025,2026-07-01,Rahul Patel,pro,active,2026-07-08,2026-02-08,Berlin
sub_00026,2026-07-26,Marcus Nguyen,pro,active,2026-08-02,2026-06-03,London
sub_00027,2026-08-27,Alex Brown,pro,active,2026-09-03,2026-08-04,Pune
sub_00028,2026-06-28,Quinn Patel,pro,active,2026-07-05,2026-02-05,Seattle
sub_00029,2026-08-16,Aisha Garcia,pro_plus,active,2026-08-23,2026-01-25,Bengaluru
sub_00030,2026-08-15,Avery Nguyen,pro,active,2026-08-22,2026-02-23,London
sub_00031,2026-08-29,Emily Carter,pro,active,2026-09-05,2026-06-07,Berlin
sub_00032,2026-07-05,Marcus Garcia,pro,active,2026-07-12,2026-01-13,Pune
sub_00033,2026-06-28,Emily Miles,pro,active,2026-07-05,2026-03-07,London
sub_00034,2026-07-28,Morgan Khan,pro,active,2026-08-04,2026-03-07,Bengaluru
sub_00035,2026-07-27,Alex Ramirez,pro,active,2026-08-03,2025-12-06,Berlin
sub_00036,2026-07-16,Aisha Nguyen,pro,active,2026-07-23,2026-01-24,Seattle
sub_00037,2026-08-19,Priya Nguyen,pro_plus,active,2026-08-26,2026-02-27,Seattle
sub_00038,2026-08-21,Jordan Iyer,pro,active,2026-08-28,2025-11-01,Seattle
sub_00039,2026-06-30,Sofia Lee,pro,active,2026-07-07,2026-04-08,Austin
sub_00040,2026-08-20,Vikram Nguyen,pro,active,2026-08-27,2026-03-30,Berlin
sub_00041,2026-06-29,Aisha Khan,ultra,active,2026-07-06,2026-01-07,Bengaluru
sub_00042,2026-07-15,Ananya Iyer,pro,active,2026-07-22,2025-08-26,Seattle
sub_00043,2026-06-10,Aisha Carter,pro,active,2026-06-17,2026-04-18,Austin
sub_00044,2026-07-09,Jordan Patel,pro,active,2026-07-16,2025-10-19,London
sub_00045,2026-09-05,Quinn Khan,pro,active,2026-09-12,2026-07-14,Austin
sub_00046,2026-07-19,Ananya Nguyen,pro_plus,active,2026-07-26,2026-04-27,London
sub_00047,2026-08-13,Priya Lee,pro,active,2026-08-20,2026-04-22,Bengaluru
sub_00048,2026-06-18,Avery Nguyen,pro,active,2026-06-25,2026-05-26,London
sub_00049,2026-08-06,Priya Nguyen,pro,active,2026-08-13,2025-07-19,Pune
sub_00050,2026-07-12,Aisha Shah,pro_plus,active,2026-07-19,2025-07-24,Pune
sub_00051,2026-08-16,Priya Nguyen,pro,active,2026-08-23,2025-03-01,Austin
sub_00052,2026-09-02,Rahul Chen,pro,active,2026-09-09,2026-03-13,Austin
sub_00053,2026-07-27,Quinn Garcia,pro,active,2026-08-03,2026-01-05,London
sub_00054,2026-06-17,Sam Patel,pro,active,2026-06-24,2026-03-26,Austin
sub_00055,2026-07-22,Rahul Sharma,pro,active,2026-07-29,2026-06-29,Pune
sub_00056,2026-06-19,Ananya Brown,pro,active,2026-06-26,2025-10-29,Bengaluru
sub_00057,2026-07-19,Avery Ramirez,pro,active,2026-07-26,2026-05-27,Austin
sub_00058,2026-06-13,Priya Carter,pro,active,2026-06-20,2026-04-21,Berlin
sub_00059,2026-08-06,Sofia Sharma,pro,active,2026-08-13,2024-03-26,Berlin
sub_00060,2026-07-06,Riley Iyer,pro_plus,active,2026-07-13,2026-06-13,Bengaluru
sub_00061,2026-06-26,Aisha Chen,pro,active,2026-07-03,2026-06-03,Berlin
sub_00062,2026-06-09,Jordan Shah,pro,active,2026-06-16,2026-05-17,Berlin
sub_00063,2026-08-29,Aisha Chen,pro,active,2026-09-05,2026-02-07,London
sub_00064,2026-08-24,Quinn Mehta,pro,active,2026-08-31,2026-06-02,Berlin
sub_00065,2026-08-22,Riley Singh,pro,active,2026-08-29,2026-05-31,London
sub_00066,2026-06-13,Quinn Mehta,pro,active,2026-06-20,2026-01-21,Bengaluru
sub_00067,2026-07-10,Casey Brown,pro,active,2026-07-17,2026-06-17,London
sub_00068,2026-09-06,Casey Ramirez,pro,active,2026-09-13,2026-08-14,Pune
sub_00069,2026-07-31,Sam Garcia,pro,active,2026-08-07,2025-05-14,Pune
sub_00070,2026-06-19,Riley Lee,pro,active,2026-06-26,2025-06-01,Seattle
sub_00071,2026-06-21,Aisha Khan,pro,active,2026-06-28,2026-01-29,Austin
sub_00072,2026-07-02,Sam Ramirez,pro,active,2026-07-09,2025-04-15,Berlin
sub_00073,2026-09-06,Morgan Miles,pro_plus,active,2026-09-13,2026-08-14,Berlin
sub_00074,2026-06-23,Avery Shah,pro_plus,active,2026-06-30,2026-01-31,London
sub_00075,2026-08-30,Marcus Garcia,pro_plus,active,2026-09-06,2026-02-08,Bengaluru
sub_00076,2026-08-10,Sofia Kim,pro,active,2026-08-17,2025-09-21,Bengaluru
sub_00077,2026-09-01,Avery Kim,pro,active,2026-09-08,2026-04-11,Pune
sub_00078,2026-08-23,Ananya Kim,pro,active,2026-08-30,2026-04-02,Seattle
sub_00079,2026-07-08,Ananya Iyer,pro,active,2026-07-15,2026-05-16,Bengaluru
sub_00080,2026-08-23,Marcus Shah,pro,active,2026-08-30,2026-02-01,Berlin
sub_00081,2026-06-23,Alex Shah,pro,active,2026-06-30,2026-05-31,Austin
sub_00082,2026-07-05,Jordan Khan,pro,active,2026-07-12,2025-07-17,Pune
sub_00083,2026-06-27,Avery Mehta,pro,active,2026-07-04,2026-03-06,Austin
sub_00084,2026-06-20,Sofia Miles,pro,active,2026-06-27,2026-05-28,Pune
sub_00085,2026-06-16,Quinn Lee,pro,active,2026-06-23,2026-03-25,Bengaluru
sub_00086,2026-06-25,Avery Garcia,pro,active,2026-07-02,2026-03-04,Pune
sub_00087,2026-06-19,Quinn Khan,pro,active,2026-06-26,2024-10-04,London
sub_00088,2026-07-13,Ananya Miles,pro,active,2026-07-20,2025-12-22,Berlin
sub_00089,2026-06-14,Riley Kim,pro,active,2026-06-21,2025-08-25,Seattle
sub_00090,2026-06-13,Aisha Nguyen,pro_plus,active,2026-06-20,2024-04-01,Austin
sub_00091,2026-09-08,Riley Shah,ultra,active,2026-09-15,2026-01-18,Bengaluru
sub_00092,2026-06-16,Morgan Shah,pro_plus,active,2026-06-23,2026-05-24,Berlin
sub_00093,2026-06-14,Vikram Lee,pro,active,2026-06-21,2025-10-24,Seattle
sub_00094,2026-06-10,Rahul Ramirez,pro,active,2026-06-17,2025-09-20,Berlin
sub_00095,2026-06-20,Aisha Kim,pro,active,2026-06-27,2026-03-29,Pune
sub_00096,2026-07-27,Alex Singh,pro_plus,active,2026-08-03,2026-06-04,Bengaluru
sub_00097,2026-08-23,Ananya Khan,pro,active,2026-08-30,2026-04-02,Seattle
sub_00098,2026-08-15,Jordan Khan,pro,active,2026-08-22,2023-09-07,Berlin
sub_00099,2026-07-31,Sam Khan,pro_plus,active,2026-08-07,2025-11-10,Seattle
sub_00100,2026-06-15,Rahul Mehta,pro,active,2026-06-22,2025-06-27,Berlin
sub_00101,2026-08-19,Quinn Brown,pro,active,2026-08-26,2025-11-29,Pune
sub_00102,2026-06-11,Ananya Carter,pro,active,2026-06-18,2026-03-20,Seattle
sub_00103,2026-08-05,Marcus Singh,pro,active,2026-08-12,2026-02-13,London
sub_00104,2026-07-16,Quinn Singh,pro,active,2026-07-23,2025-02-28,London
sub_00105,2026-08-29,Priya Chen,pro,active,2026-09-05,2026-06-07,Seattle
sub_00106,2026-07-06,Quinn Garcia,pro,active,2026-07-13,2026-06-13,Bengaluru
sub_00107,2026-08-06,Priya Miles,pro,active,2026-08-13,2023-01-01,Seattle
sub_00108,2026-07-18,Aisha Nguyen,pro,active,2026-07-25,2026-04-26,Bengaluru
sub_00109,2026-07-26,Alex Garcia,pro,active,2026-08-02,2024-05-14,Seattle
sub_00110,2026-09-03,Jordan Ramirez,pro,active,2026-09-10,2026-03-14,Bengaluru
sub_00111,2026-08-13,Aisha Khan,pro,active,2026-08-20,2026-03-23,Berlin
sub_00112,2026-07-16,Sam Sharma,pro,active,2026-07-23,2025-12-25,London
sub_00113,2026-07-19,Aisha Singh,pro,active,2026-07-26,2026-02-26,Pune
sub_00114,2026-08-12,Jordan Chen,pro_plus,active,2026-08-19,2025-01-26,Pune
sub_00115,2026-07-10,Casey Mehta,pro,active,2026-07-17,2026-03-19,Seattle
sub_00116,2026-06-23,Vikram Kim,pro,active,2026-06-30,2026-05-31,Pune
sub_00117,2026-07-21,Ananya Patel,pro,active,2026-07-28,2025-08-02,Berlin
sub_00118,2026-06-14,Alex Sharma,pro,active,2026-06-21,2025-11-23,Seattle
sub_00119,2026-06-23,Vikram Iyer,pro,active,2026-06-30,2026-05-31,Berlin
sub_maya,2026-09-30,Maya (worked example),pro,active,2026-10-07,2026-06-09,Pune
