subscription_id,event_date,event_type
sub_00003,2026-08-06,cancel_scheduled
sub_00003,2026-08-20,canceled
sub_00007,2026-07-29,cancel_scheduled
sub_00007,2026-07-31,canceled
sub_00023,2026-08-21,cancel_scheduled
sub_00023,2026-08-23,canceled
sub_00031,2026-08-30,cancel_scheduled
sub_00031,2026-09-05,canceled
sub_00033,2026-07-19,canceled
sub_00034,2026-07-19,cancel_scheduled
sub_00034,2026-08-04,canceled
sub_00037,2026-09-09,canceled
sub_00038,2026-09-11,canceled
sub_00039,2026-07-06,cancel_scheduled
sub_00039,2026-07-07,canceled
sub_00054,2026-06-21,cancel_scheduled
sub_00054,2026-06-24,canceled
sub_00055,2026-07-04,cancel_scheduled
sub_00055,2026-07-29,canceled
sub_00057,2026-08-09,canceled
sub_00061,2026-07-01,cancel_scheduled
sub_00061,2026-07-03,canceled
sub_00062,2026-06-08,cancel_scheduled
sub_00062,2026-06-16,canceled
sub_00066,2026-07-04,canceled
sub_00078,2026-09-13,canceled
sub_00082,2026-07-10,cancel_scheduled
sub_00082,2026-07-12,canceled
sub_00086,2026-07-16,canceled
sub_00100,2026-07-06,canceled
sub_00105,2026-08-31,cancel_scheduled
sub_00105,2026-09-05,canceled
sub_00117,2026-07-22,cancel_scheduled
sub_00117,2026-07-28,canceled
