ticket_id,subscription_id,created_date
t-000001,sub_00000,2026-06-27
t-000002,sub_00001,2026-04-26
t-000003,sub_00002,2026-06-10
t-000004,sub_00007,2026-05-08
t-000005,sub_00009,2026-05-21
t-000006,sub_00010,2026-06-02
t-000007,sub_00016,2026-08-07
t-000008,sub_00022,2026-04-27
t-000009,sub_00025,2026-06-29
t-000010,sub_00029,2026-06-17
t-000011,sub_00029,2026-08-17
t-000012,sub_00031,2026-08-27
t-000013,sub_00047,2026-07-26
t-000014,sub_00053,2026-07-05
t-000015,sub_00057,2026-06-30
t-000016,sub_00057,2026-06-01
t-000017,sub_00058,2026-06-04
t-000018,sub_00060,2026-05-05
t-000019,sub_00062,2026-05-17
t-000020,sub_00068,2026-07-05
t-000021,sub_00072,2026-06-19
t-000022,sub_00074,2026-03-26
t-000023,sub_00084,2026-06-16
t-000024,sub_00092,2026-06-21
t-000025,sub_00096,2026-06-25
t-000026,sub_00103,2026-05-19
t-000027,sub_00103,2026-06-11
t-000028,sub_00109,2026-05-04
t-000029,sub_00114,2026-08-17
t-000030,sub_00117,2026-06-07
t-000031,sub_00119,2026-05-26
t-000032,sub_00119,2026-06-24
t-000033,sub_00119,2026-04-05
